{
	"format_version": "1.8.0",
	"animations": {
		"idle": {
			"loop": true,
			"animation_length": 1,
			"bones": {
				"body": {
					"rotation": [0, 0, 0],
					"position": {
						"0.2917": [0, 0, 0],
						"0.5": [0, -1, 0],
						"0.7083": [0, 0, 0]
					}
				},
				"bulge": {
					"scale": {
						"0.0": [1, 1, 1],
						"0.5": [1.3, 3.5, 1.6],
						"1.0": [1, 1, 1]
					}
				},
				"insect": {
					"scale": 0
				}
			}
		},
		"idle2": {
			"animation_length": 0.75,
			"bones": {
				"head": {
					"rotation": {
						"0.0": [-7.5, 0, 0],
						"0.25": [0, 0, 0]
					}
				},
				"mouth": {
					"rotation": {
						"0.0": [0, 0, 0],
						"0.5": [27.5, 0, 0],
						"0.75": [0, 0, 0]
					}
				},
				"insect": {
					"position": {
						"0.2083": [0, 15, -20],
						"0.5": [0.9, 11, -19],
						"0.625": [0.9, 15.3, -7],
						"0.75": [0.9, 16.3, -5]
					},
					"scale": {
						"0.0": [0, 0, 0],
						"0.3333": [0.3, 0.3, 0.3],
						"0.625": [0.1, 0.1, 0.1],
						"0.75": [0, 0, 0]
					}
				},
				"tongue": {
					"rotation": {
						"0.0": [0, 0, 0],
						"0.5": [-7.5, 0, 0],
						"0.75": [0, 0, 0]
					},
					"position": {
						"0.0": [0, 0, 0],
						"0.5": [0, 2.5, -11.5],
						"0.75": [0, 0, 0]
					},
					"scale": {
						"0.0": [0.4, 0.4, 0.4],
						"0.5": [1, 0.4, 2],
						"0.75": [0.4, 0.4, 0.4]
					}
				}
			}
		},
		"idle3": {
			"loop": true,
			"animation_length": 2,
			"bones": {
				"head": {
					"rotation": {
						"0.0": [15, 15, 0],
						"0.5": [0, 0, 0],
						"1.0": [15, -15, 0],
						"1.5": [0, 0, 0],
						"2.0": [15, 15, 0]
					}
				},
				"body": {
					"position": {
						"0.0": [0, -1, 0],
						"1.0": [0, 0, 0],
						"2.0": [0, -1, 0]
					}
				},
				"tongue": {
					"rotation": {
						"0.0": [-15, -15, 0],
						"0.5": [0, 0, 0],
						"1.0": [-18.07779, 14.2906, -4.60659],
						"1.5": [0, 0, 0],
						"2.0": [-15, -15, 0]
					},
					"position": {
						"0.0": [-3, -4, -3],
						"0.5": [0, 0, 0],
						"1.0": [3, -2, -4],
						"1.5": [0, 0, 0],
						"2.0": [-3, -4, -3]
					}
				},
				"insect": {
					"scale": 0
				}
			}
		},
		"walk": {
			"loop": true,
			"animation_length": 0.6667,
			"bones": {
				"head": {
					"rotation": {
						"0.1667": [12.5, 0, 0],
						"0.25": [17.5, 0, 0],
						"0.3333": [10, 0, 0],
						"0.4167": [17.5, 0, 0],
						"0.5": [12.5, 0, 0]
					},
					"position": {
						"0.1667": [0, 0, 1],
						"0.25": [0, 0, 0],
						"0.4167": [0, 0, 0],
						"0.5": [0, 0, 1]
					}
				},
				"rearFootRight": {
					"rotation": {
						"0.0": [-5, 0, 0],
						"0.0833": [15, 0, 0],
						"0.25": [25, 0, 0],
						"0.3333": [30, 0, 0],
						"0.4167": [25, 0, 0],
						"0.5833": [15, 0, 0],
						"0.6667": [-5, 0, 0]
					},
					"position": {
						"0.0833": [0, 1, 0],
						"0.5833": [0, 1, 0]
					}
				},
				"haunchRight": {
					"rotation": {
						"0.0": [5, 0, 0],
						"0.0833": [-15, 0, 0],
						"0.1667": [-5, 0, 0],
						"0.25": [10, 0, 0],
						"0.4167": [10, 0, 0],
						"0.5": [-5, 0, 0],
						"0.5833": [-15, 0, 0],
						"0.6667": [5, 0, 0]
					},
					"position": {
						"0.0833": [0, -2, 0],
						"0.3333": [0, -3, -1],
						"0.5833": [0, -2, 0]
					}
				},
				"body": {
					"rotation": {
						"0.0": [15, 0, 0],
						"0.1667": [-32.5, 0, 0],
						"0.5": [-32.5, 0, 0],
						"0.6667": [15, 0, 0]
					},
					"position": {
						"0.0": [0, -1, 0],
						"0.0833": [0, -3, -1],
						"0.1667": [0, -2, 0],
						"0.5": [0, -2, 0],
						"0.5833": [0, -3, -1],
						"0.6667": [0, -1, 0]
					}
				},
				"frontLegLeft": {
					"rotation": {
						"0.0": [-5, 0, 0],
						"0.0833": [-14.46245, -5.44446, -11.26904],
						"0.1667": [-31.96245, -5.44446, -11.26904],
						"0.25": [-56.96245, -5.44446, -11.26904],
						"0.3333": [-96.96245, -5.44446, -11.26904],
						"0.4167": [-56.96245, -5.44446, -11.26904],
						"0.5": [-31.96245, -5.44446, -11.26904],
						"0.5833": [-14.46245, -5.44446, -11.26904],
						"0.6667": [-5, 0, 0]
					},
					"position": {
						"0.0": [0, -1, 0],
						"0.1667": [0, 0, 1],
						"0.6667": [0, -1, 0]
					}
				},
				"rearFootLeft": {
					"rotation": {
						"0.0": [-5, 0, 0],
						"0.0833": [15, 0, 0],
						"0.25": [25, 0, 0],
						"0.3333": [30, 0, 0],
						"0.4167": [25, 0, 0],
						"0.5833": [15, 0, 0],
						"0.6667": [-5, 0, 0]
					},
					"position": {
						"0.0833": [0, 1, 0],
						"0.5833": [0, 1, 0]
					}
				},
				"haunchLeft": {
					"rotation": {
						"0.0": [5, 0, 0],
						"0.0833": [-15, 0, 0],
						"0.1667": [-5, 0, 0],
						"0.25": [10, 0, 0],
						"0.4167": [10, 0, 0],
						"0.5": [-5, 0, 0],
						"0.5833": [-15, 0, 0],
						"0.6667": [5, 0, 0]
					},
					"position": {
						"0.0833": [0, -2, 0],
						"0.3333": [0, -3, -1],
						"0.5833": [0, -2, 0]
					}
				},
				"frontLegRight": {
					"rotation": {
						"0.0": [-5, 0, 0],
						"0.0833": [-16.92741, 5.92785, 11.02477],
						"0.1667": [-36.92741, 5.92785, 11.02477],
						"0.25": [-56.92741, 5.92785, 11.02477],
						"0.3333": [-96.92741, 5.92785, 11.02477],
						"0.4167": [-56.92741, 5.92785, 11.02477],
						"0.5": [-36.92741, 5.92785, 11.02477],
						"0.5833": [-16.92741, 5.92785, 11.02477],
						"0.6667": [-5, 0, 0]
					},
					"position": {
						"0.0": [0, -1, 0],
						"0.1667": [0, 0, 1],
						"0.3333": [0, 0, 1],
						"0.5": [0, 0, 1],
						"0.6667": [0, -1, 0]
					}
				},
				"root": {
					"position": {
						"0.25": [0, 1, -1],
						"0.3333": [0, 6, -1],
						"0.5833": [0, 1, -1],
						"0.6667": [0, 0, -1]
					}
				},
				"tongue": {
					"rotation": [-15, 0, 0],
					"position": [0, -2, -2]
				},
				"insect": {
					"scale": 0
				}
			}
		},
		"attack": {
			"animation_length": 0.6667,
			"bones": {
				"head": {
					"rotation": {
						"0.1667": [12.5, 0, 0],
						"0.25": [17.5, 0, 0],
						"0.3333": [10, 0, 0],
						"0.4167": [17.5, 0, 0],
						"0.5": [12.5, 0, 0]
					},
					"position": {
						"0.1667": [0, 0, 1],
						"0.25": [0, 0, 0],
						"0.4167": [0, 0, 0],
						"0.5": [0, 0, 1]
					}
				},
				"rearFootRight": {
					"rotation": {
						"0.0": [-5, 0, 0],
						"0.0833": [15, 0, 0],
						"0.25": [25, 0, 0],
						"0.3333": [30, 0, 0],
						"0.4167": [25, 0, 0],
						"0.5833": [15, 0, 0],
						"0.6667": [-5, 0, 0]
					},
					"position": {
						"0.0833": [0, 1, 0],
						"0.5833": [0, 1, 0]
					}
				},
				"haunchRight": {
					"rotation": {
						"0.0": [5, 0, 0],
						"0.0833": [-15, 0, 0],
						"0.1667": [-5, 0, 0],
						"0.25": [10, 0, 0],
						"0.4167": [10, 0, 0],
						"0.5": [-5, 0, 0],
						"0.5833": [-15, 0, 0],
						"0.6667": [5, 0, 0]
					},
					"position": {
						"0.0833": [0, -2, 0],
						"0.3333": [0, -3, -1],
						"0.5833": [0, -2, 0]
					}
				},
				"body": {
					"rotation": {
						"0.0": [15, 0, 0],
						"0.1667": [-32.5, 0, 0],
						"0.5": [-32.5, 0, 0],
						"0.6667": [15, 0, 0]
					},
					"position": {
						"0.0": [0, -1, 0],
						"0.0833": [0, -3, -1],
						"0.1667": [0, -2, 0],
						"0.5": [0, -2, 0],
						"0.5833": [0, -3, -1],
						"0.6667": [0, -1, 0]
					}
				},
				"frontLegLeft": {
					"rotation": {
						"0.0": [-5, 0, 0],
						"0.0833": [-14.46245, -5.44446, -11.26904],
						"0.1667": [-31.96245, -5.44446, -11.26904],
						"0.25": [-56.96245, -5.44446, -11.26904],
						"0.3333": [-96.96245, -5.44446, -11.26904],
						"0.4167": [-56.96245, -5.44446, -11.26904],
						"0.5": [-31.96245, -5.44446, -11.26904],
						"0.5833": [-14.46245, -5.44446, -11.26904],
						"0.6667": [-5, 0, 0]
					},
					"position": {
						"0.0": [0, -1, 0],
						"0.1667": [0, 0, 1],
						"0.6667": [0, -1, 0]
					}
				},
				"rearFootLeft": {
					"rotation": {
						"0.0": [-5, 0, 0],
						"0.0833": [15, 0, 0],
						"0.25": [25, 0, 0],
						"0.3333": [30, 0, 0],
						"0.4167": [25, 0, 0],
						"0.5833": [15, 0, 0],
						"0.6667": [-5, 0, 0]
					},
					"position": {
						"0.0833": [0, 1, 0],