{
	"format_version": "1.8.0",
	"animations": {
		"idle": {
			"loop": true,
			"animation_length": 1.5,
			"bones": {
				"head": {
					"rotation": {
						"0.4583": [0, 0, 0],
						"0.5833": [23.34004, 17.26588, 21.741],
						"0.875": [22.74765, -15.7627, -19.65736],
						"1.0": [0, 0, 0]
					},
					"position": [0, 0, 0]
				},
				"tail": {
					"rotation": {
						"0.0": [-67.5, 0, 0],
						"0.4583": [-67.5, 0, 0],
						"0.5417": [-67.5, 0, -25],
						"0.7917": [-67.5, 0, 25],
						"0.875": [-67.5, 0, 0]
					}
				},
				"fLeftLeg": {
					"rotation": {
						"0.375": [0, 0, 0],
						"0.4583": [-45, 0, 0],
						"0.7083": [22.5, 0, 0],
						"0.9583": [-22.5, 0, 0],
						"1.0417": [0, 0, 0]
					}
				},
				"front_left_knee": {
					"rotation": {
						"0.0": [0, 0, 0],
						"0.4583": [30, 0, 0],
						"0.7083": [17.5, 0, 0],
						"0.875": [0, 0, 0]
					}
				}
			}
		},
		"walk": {
			"loop": true,
			"animation_length": 2,
			"bones": {
				"horsiper": {
					"rotation": {
						"0.0": [0, 0, 0],
						"0.5": [0, 0, 0],
						"1.0": [0, 0, 0],
						"1.5": [0, 0, 0],
						"2.0": [0, 0, 0]
					},
					"position": {
						"0.0": [0, 0, 0],
						"0.25": [0, 1, 0],
						"0.5": [0, 0, 0],
						"0.75": [0, 1, 0],
						"1.0": [0, 0, 0],
						"1.25": [0, 1, 0],
						"1.5": [0, 0, 0],
						"1.75": [0, 1, 0],
						"2.0": [0, 0, 0]
					}
				},
				"head": {
					"rotation": {
						"0.0": [0, 0, 0],
						"2.0": [0, 0, 0]
					},
					"position": {
						"0.0": [0, 0, 0],
						"1.0": [0, -0.5, 0],
						"2.0": [0, 0, 0]
					}
				},
				"body": {
					"rotation": {
						"0.0": [0, 0, 0],
						"2.0": [0, 0, 0]
					},
					"position": {
						"0.0": [0, 0, 0],
						"1.0": [0, -0.5, 0],
						"2.0": [0, 0, 0]
					}
				},
				"sniper": {
					"position": {
						"0.0": [0.2, 0, 0],
						"2.0": [0.2, 0, 0]
					}
				},
				"muzzle": {
					"scale": 0
				},
				"fLeftLeg": {
					"rotation": {
						"0.0": [-30, 0, 0],
						"0.5": [30, 0, 0],
						"1.0": [-30, 0, 0],
						"1.5": [30, 0, 0],
						"2.0": [-30, 0, 0]
					}
				},
				"fRightLeg": {
					"rotation": {
						"0.0": [30, 0, 0],
						"0.5": [-30, 0, 0],
						"1.0": [30, 0, 0],
						"1.5": [-30, 0, 0],
						"2.0": [30, 0, 0]
					}
				},
				"back_left_leg": {
					"rotation": {
						"0.0": [-45, 0, 0],
						"0.5": [45, 0, 0],
						"1.0": [-45, 0, 0],
						"1.5": [45, 0, 0],
						"2.0": [-45, 0, 0]
					},
					"position": {
						"0.0": [0, 0, 0],
						"1.0": [0, 0, 0],
						"2.0": [0, 0, 0]
					}
				},
				"back_right_leg": {
					"rotation": {
						"0.0": [45, 0, 0],
						"0.5": [-45, 0, 0],
						"1.0": [45, 0, 0],
						"1.5": [-45, 0, 0],
						"2.0": [45, 0, 0]
					},
					"position": {
						"0.0": [0, 0, 0],
						"1.0": [0, 0, 0],
						"2.0": [0, 0, 0]
					}
				},
				"tail": {
					"rotation": {
						"0.0": [-67.5, 0, -20],
						"1.0": [-67.5, 0, 20],
						"2.0": [-67.5, 0, -20]
					}
				}
			}
		},
		"run": {
			"loop": true,
			"animation_length": 0.5,
			"bones": {
				"head": {
					"rotation": {
						"0.0": {
							"vector": [0, 0, 0]
						},
						"0.125": {
							"vector": [10, 0, 0]
						},
						"0.25": {
							"vector": [15, 0, 0]
						},
						"0.375": {
							"vector": [10, 0, 0]
						},
						"0.5": {
							"vector": [0, 0, 0]
						}
					}
				},
				"tail": {
					"rotation": {
						"0.0": {
							"vector": [-67.5, 0, -20]
						},
						"0.25": {
							"vector": [-67.5, 0, 20]
						},
						"0.5": {
							"vector": [-67.5, 0, -20]
						}
					}
				},
				"fLeftLeg": {
					"rotation": {
						"0.0": {
							"vector": [30, 0, 0]
						},
						"0.25": {
							"vector": [-30, 0, 0]
						},
						"0.5": {
							"vector": [30, 0, 0]
						}
					}
				},
				"fRightLeg": {
					"rotation": {
						"0.0": {
							"vector": [-30, 0, 0]
						},
						"0.25": {
							"vector": [30, 0, 0]
						},
						"0.5": {
							"vector": [-30, 0, 0]
						}
					}
				},
				"back_left_leg": {
					"rotation": {
						"0.0": {
							"vector": [50, 0, 0]
						},
						"0.25": {
							"vector": [-30, 0, 0]
						},
						"0.5": {
							"vector": [50, 0, 0]
						}
					}
				},
				"back_right_leg": {
					"rotation": {
						"0.0": {
							"vector": [-30, 0, 0]
						},
						"0.25": {
							"vector": [30, 0, 0]
						},
						"0.5": {
							"vector": [-30, 0, 0]
						}
					}
				}
			}
		},
		"eat": {
			"animation_length": 3,
			"bones": {
				"head": {
					"rotation": {
						"0.0": {
							"vector": [0, 0, 0]
						},
						"0.5417": {
							"vector": [92.5, 0, 0]
						},
						"0.75": {
							"vector": [85.5, 0, 0]
						},
						"1.0": {
							"vector": [92.5, 0, 0]
						},
						"1.25": {
							"vector": [85.5, 0, 0]
						},
						"1.5": {
							"vector": [92.5, 0, 0]
						},
						"1.75": {
							"vector": [85.5, 0, 0]
						},
						"2.0": {
							"vector": [92.5, 0, 0]
						},
						"2.25": {
							"vector": [85.5, 0, 0]
						},
						"3.0": {
							"vector": [0, 0, 0]
						}
					},
					"position": {
						"0.0": {
							"vector": [0, 0, 0]
						},
						"3.0": {
							"vector": [0, 0, 0]
						}
					}
				},
				"tail": {
					"rotation": {
						"0.0": {
							"vector": [-67.5, 0, 0]
						},
						"1.0": {
							"vector": [-67.5, 0, 0]
						},
						"1.2917": {
							"vector": [-69.5829, 46.13015, -25.25005]
						},
						"1.6667": {
							"vector": [2.0828, -46.1301, 25.25]
						},
						"2.0": {
							"vector": [-67.5, 0, 0]
						},
						"3.0": {
							"vector": [-67.5, 0, 0]
						}
					},
					"position": {
						"0.0": {
							"vector": [0, 0, 0]
						},
						"1.0": {
							"vector": [0, 0, 0]
						},
						"2.0": {
							"vector": [0, 0, 0]
						},
						"3.0": {
							"vector": [0, 0, 0]
						}
					}
				},
				"mouth_bottom": {
					"rotation": {
						"0.0": {
							"vector": [0, 0, 0]
						},
						"0.625": {
							"vector": [20, 0, 0]
						},
						"0.7917": {
							"vector": [0, 0, 0]
						},
						"0.9167": {
							"vector": [10, 0, 0]
						},
						"1.0833": {
							"vector": [0, 0, 0]
						},
						"1.2917": {
							"vector": [10, 0, 0]
						},
						"1.4583": {
							"vector": [0, 0, 0]
						},
						"1.7917": {
							"vector": [10, 0, 0]
						},
						"1.9583": {
							"vector": [0, 0, 0]
						}
					}
				}
			}
		},
		"chewing": {
			"animation_length": 2.25,
			"bones": {
				"head": {
					"rotation": {
						"0.0": {
							"vector": [0, 0, 0]
						},
						"0.2083": {
							"vector": [6, 0, 0]
						},
						"0.4167": {
							"vector": [0, 0, 0]
						},
						"0.625": {
							"vector": [6, 0, 0]
						},
						"0.8333": {
							"vector": [0, 0, 0]
						},
						"1.0417": {
							"vector": [6, 0, 0]
						},
						"1.25": {
							"vector": [0, 0, 0]
						},
						"1.5": {
							"vector": [0, 0, 0]
						}
					},
					"position": {
						"0.0": {
							"vector": [0, 0, 0]
						},
						"1.5": {
							"vector": [0, 0, 0]
						}
					}
				},
				"mouth_bottom": {
					"rotation": {
						"0.0": {
							"vector": [0, 0, 0]
						},
						"0.0833": {
							"vector": [10, 0, 0]
						},
						"0.2917": {
							"vector": [0, 0, 0]
						},
						"0.4167": {
							"vector": [10, 0, 0]
						},
						"0.625": {
							"vector": [0, 0, 0]
						},
						"0.75": {
							"vector": [10, 0, 0]
						},
						"0.9583": {
							"vector": [0, 0, 0]
						},
						"1.0833": {
							"vector": [10, 0, 0]
						},
						"1.2917": {
							"vector": [0, 0, 0]
						},
						"1.4167": {
							"vector": [10, 0, 0]
						},
						"1.5833": {
							"vector": [0, 0, 0]
						},
						"1.7083": {
							"vector": [10, 0, 0]
						},
						"1.9167": {
							"vector": [0, 0, 0]
						}
					}
				},
				"tail": {
					"rotation": {
						"vector": [-67.5, 0, 0]
					}
				}
			}
		},
		"jump": {
			"animation_length": 1.5,
			"bones": {
				"head": {
					"rotation": {
						"0.0": [17.5, 0, 0],